state, city, station,fromDate, AT, BP, PM10, PM2.5, RH, SR, Temp, Toluene, WD, WS, CO, Benzene,P-Xylene, NH3, NO, NO2, NOx, Ozone, SO2
Delhi,Delhi,site_301,17-Jan-2018 - 00:00,11.91,733.0,None,368.0,62.25,12.33,None,95.05,135.83,0.31,5.76,14.33,None,109.79,None,142.55,None,31.11,22.3
Delhi,Delhi,site_301,17-Jan-2018 - 01:00,11.67,733.0,None,520.0,64.33,12.58,None,97.08,65.58,0.3,2.51,12.24,None,104.48,None,102.99,441.2,27.5,10.73
Delhi,Delhi,site_301,17-Jan-2018 - 02:00,11.2,733.0,707.0,520.0,68.25,12.25,None,73.59,77.08,0.34,0.42,7.17,None,98.7,70.92,77.52,171.33,21.4,4.21
Delhi,Delhi,site_301,17-Jan-2018 - 03:00,11.55,733.0,498.0,520.0,71.17,12.42,None,33.89,68.92,0.3,0.3,5.17,None,92.37,17.25,58.81,66.37,19.24,1.12
Delhi,Delhi,site_301,17-Jan-2018 - 04:00,10.86,733.0,367.0,272.0,73.58,12.42,None,15.43,72.92,0.3,0.48,5.05,None,91.07,31.37,49.72,72.48,18.81,0.3
Delhi,Delhi,site_301,17-Jan-2018 - 05:00,10.44,733.0,384.0,272.0,75.0,12.33,None,14.02,144.33,0.31,0.96,5.59,None,96.25,88.99,59.52,184.18,17.59,0.84
Delhi,Delhi,site_301,17-Jan-2018 - 06:00,9.96,733.0,427.0,272.0,75.75,12.42,None,12.67,74.92,0.69,0.9,6.28,None,92.39,57.64,55.6,144.23,19.4,13.61
Delhi,Delhi,site_301,17-Jan-2018 - 07:00,8.67,733.0,399.0,272.0,77.33,47.58,None,21.83,66.92,1.48,0.59,5.85,None,88.59,56.43,54.16,135.86,21.48,17.35
Delhi,Delhi,site_301,17-Jan-2018 - 08:00,8.83,733.0,323.0,272.0,79.25,235.08,None,14.72,75.08,2.18,0.72,5.66,None,81.48,28.36,51.38,87.54,18.21,16.06
Delhi,Delhi,site_301,17-Jan-2018 - 09:00,10.49,733.0,356.0,272.0,79.08,426.67,None,15.99,100.08,1.57,1.5,6.32,None,81.85,40.21,63.46,115.12,15.7,16.88
Delhi,Delhi,site_301,17-Jan-2018 - 10:00,12.69,733.0,505.0,315.0,74.42,450.83,None,15.43,97.42,2.38,0.5,6.53,None,75.47,26.97,65.25,97.95,19.4,17.42
Delhi,Delhi,site_301,17-Jan-2018 - 11:00,15.0,733.0,467.0,342.0,64.33,453.58,None,14.15,94.58,2.6,0.56,6.53,None,81.01,17.09,73.27,90.27,21.48,20.75
Delhi,Delhi,site_301,17-Jan-2018 - 12:00,16.95,733.0,454.0,322.0,55.5,453.17,None,13.76,97.33,2.88,0.65,5.94,None,84.31,None,64.76,71.7,27.7,23.96
Delhi,Delhi,site_301,17-Jan-2018 - 13:00,18.55,733.0,417.0,322.0,49.67,445.5,None,12.54,99.33,2.85,0.61,5.53,None,85.46,None,60.67,66.29,30.88,25.21
Delhi,Delhi,site_301,17-Jan-2018 - 14:00,19.39,733.0,404.0,251.0,45.83,427.33,None,11.38,94.75,2.69,0.48,5.06,None,82.21,None,54.22,56.91,38.78,25.49
Delhi,Delhi,site_301,17-Jan-2018 - 15:00,19.94,733.0,379.0,217.0,44.45,417.0,None,11.17,98.03,2.12,0.43,4.57,None,79.24,None,58.3,59.93,40.11,25.37
Delhi,Delhi,site_301,17-Jan-2018 - 16:00,19.57,733.0,372.0,217.0,46.25,364.58,None,11.46,101.75,1.87,0.46,4.73,None,79.69,None,66.33,67.69,38.57,24.54
Delhi,Delhi,site_301,17-Jan-2018 - 17:00,18.28,733.0,372.0,217.0,50.5,113.08,None,13.44,81.42,0.93,0.58,4.91,None,82.03,19.7,85.19,91.52,27.01,22.84
Delhi,Delhi,site_301,17-Jan-2018 - 18:00,16.67,733.0,407.0,217.0,55.42,13.33,None,16.54,79.25,0.32,1.12,5.67,None,85.11,45.47,97.42,153.76,18.57,21.11
Delhi,Delhi,site_301,17-Jan-2018 - 19:00,16.03,733.0,465.0,217.0,62.33,12.25,None,19.26,72.83,0.42,1.79,8.5,None,87.79,51.87,89.92,155.88,17.98,20.91
Delhi,Delhi,site_301,17-Jan-2018 - 20:00,15.34,733.0,508.0,217.0,66.67,12.42,None,15.99,80.08,0.46,1.57,9.91,None,89.22,50.17,81.72,145.97,18.44,20.31
Delhi,Delhi,site_301,17-Jan-2018 - 21:00,14.85,733.0,478.0,217.0,68.75,12.5,None,23.99,79.92,0.47,1.41,7.96,None,87.7,40.02,76.06,126.42,18.98,19.88
Delhi,Delhi,site_301,17-Jan-2018 - 22:00,14.21,733.0,437.0,217.0,71.17,12.08,None,25.04,95.92,0.48,1.75,7.77,None,87.87,81.72,73.86,190.11,18.79,20.64
Karnataka,Bengaluru,site_162,17-Jan-2018 - 00:00,None,1013.6,None,51.62,67.72,4.52,None,0.0,61.82,1.13,0.25,0.0,None,None,1.39,5.67,3.05,107.6,2.39
Karnataka,Bengaluru,site_162,17-Jan-2018 - 01:00,None,1013.73,None,47.99,69.98,4.41,None,0.0,66.02,1.27,0.15,0.0,None,None,1.31,2.59,1.5,106.69,3.21
Karnataka,Bengaluru,site_162,17-Jan-2018 - 02:00,None,1012.77,None,42.95,73.78,4.15,None,0.0,67.48,0.91,0.12,0.0,None,None,1.5,2.92,1.8,105.62,3.43
Karnataka,Bengaluru,site_162,17-Jan-2018 - 03:00,None,1012.4,None,38.12,76.09,4.55,None,0.0,69.88,0.83,0.48,0.0,None,None,1.44,2.8,1.7,102.24,3.09
Karnataka,Bengaluru,site_162,17-Jan-2018 - 04:00,None,1012.38,None,34.98,78.13,5.02,None,0.0,74.9,0.8,0.45,0.0,None,None,1.23,3.39,1.83,100.23,2.33
Karnataka,Bengaluru,site_162,17-Jan-2018 - 05:00,None,1013.52,None,38.45,80.79,5.35,None,0.0,76.65,1.27,0.52,0.0,None,None,1.34,4.39,2.4,99.7,2.76
Karnataka,Bengaluru,site_162,17-Jan-2018 - 06:00,None,1012.05,None,42.37,84.16,7.0,None,0.0,111.68,0.76,0.55,0.0,None,None,1.74,16.48,8.59,90.24,3.38
Karnataka,Bengaluru,site_162,17-Jan-2018 - 07:00,None,1011.5,None,43.8,86.66,50.71,None,0.0,123.27,0.55,0.45,0.0,None,None,2.49,27.62,14.59,76.79,3.24
Karnataka,Bengaluru,site_162,17-Jan-2018 - 08:00,None,1012.45,None,48.91,81.89,128.84,None,0.0,67.14,0.79,0.5,0.02,None,None,6.99,36.99,22.51,72.68,1.8
Karnataka,Bengaluru,site_162,17-Jan-2018 - 09:00,None,1013.23,None,51.34,70.43,280.76,None,0.0,73.49,1.15,0.59,0.0,None,None,2.52,20.16,10.97,90.11,1.46
Karnataka,Bengaluru,site_162,17-Jan-2018 - 10:00,None,1013.4,None,55.64,52.19,550.38,None,0.0,70.51,1.11,0.38,0.0,None,None,2.15,14.51,7.93,105.41,2.94
Karnataka,Bengaluru,site_162,17-Jan-2018 - 11:00,None,1013.32,None,44.62,41.3,650.19,None,0.0,50.09,0.95,0.21,0.0,None,None,3.1,22.58,12.59,117.88,3.84
Karnataka,Bengaluru,site_162,17-Jan-2018 - 12:00,None,1012.65,None,41.0,35.01,640.92,None,0.0,54.56,0.63,0.34,0.0,None,None,2.57,28.05,14.86,112.61,5.13
Karnataka,Bengaluru,site_162,17-Jan-2018 - 13:00,None,1013.35,None,38.26,27.7,604.34,None,0.0,103.24,0.71,0.59,0.0,None,None,3.5,33.56,18.23,106.91,2.83
Karnataka,Bengaluru,site_162,17-Jan-2018 - 14:00,None,1012.4,None,36.4,25.57,331.8,None,0.0,107.0,0.42,1.3,0.0,None,None,4.17,34.62,19.26,106.21,2.71
Karnataka,Bengaluru,site_162,17-Jan-2018 - 15:00,None,1012.65,None,32.91,23.72,393.13,None,0.0,45.97,0.62,0.61,0.0,None,None,3.29,29.36,16.03,110.22,7.6
Karnataka,Bengaluru,site_162,17-Jan-2018 - 16:00,None,1011.65,None,22.05,21.09,199.39,None,0.0,265.63,0.24,0.52,0.0,None,None,5.24,61.88,33.35,88.89,7.48
Karnataka,Bengaluru,site_162,17-Jan-2018 - 17:00,None,1011.05,None,31.49,22.8,47.54,None,0.0,343.13,0.15,0.37,0.0,None,None,13.3,99.82,57.87,62.51,6.58
Karnataka,Bengaluru,site_162,17-Jan-2018 - 18:00,None,1010.55,None,38.79,27.62,2.84,None,0.0,275.99,0.05,1.26,0.0,None,None,55.59,147.12,112.5,26.55,5.37
Karnataka,Bengaluru,site_162,17-Jan-2018 - 19:00,None,1010.88,None,44.91,31.96,4.99,None,0.0,168.25,0.18,1.47,0.0,None,None,66.65,145.46,119.94,16.8,4.01
Karnataka,Bengaluru,site_162,17-Jan-2018 - 20:00,None,1012.73,None,57.49,38.58,5.01,None,0.0,64.93,0.91,0.66,0.0,None,None,10.08,62.59,37.31,43.55,4.08
Karnataka,Bengaluru,site_162,17-Jan-2018 - 21:00,None,1012.98,None,56.24,50.94,4.32,None,0.0,64.4,0.95,0.96,0.0,None,None,2.68,25.68,13.78,86.97,3.73
Karnataka,Bengaluru,site_162,17-Jan-2018 - 22:00,None,1013.18,None,53.15,53.75,4.46,None,0.0,50.15,0.92,1.76,0.0,None,None,2.54,28.75,15.17,89.43,1.22
Karnataka,Bengaluru,site_163,17-Jan-2018 - 00:00,None,1018.8,None,49.41,80.15,0.91,21.78,None,213.08,1.31,None,None,None,36.35,0.93,14.39,7.37,None,5.34
Karnataka,Bengaluru,site_163,17-Jan-2018 - 01:00,None,1019.4,None,40.78,82.8,0.91,21.42,None,213.2,1.06,None,None,None,36.06,0.73,14.6,7.24,None,6.49
Karnataka,Bengaluru,site_163,17-Jan-2018 - 02:00,None,1020.03,None,41.44,85.39,0.91,21.07,None,212.22,1.27,None,None,None,36.01,0.72,14.53,7.16,None,5.02
Karnataka,Bengaluru,site_163,17-Jan-2018 - 03:00,None,1020.22,None,42.87,64.71,0.91,20.78,None,158.7,0.92,None,None,None,26.85,0.56,10.69,7.07,None,3.69
Karnataka,Bengaluru,site_163,17-Jan-2018 - 04:00,None,1020.45,None,43.75,86.91,0.91,20.63,None,212.58,1.06,None,None,None,35.7,0.88,13.88,7.07,None,4.93
Karnataka,Bengaluru,site_163,17-Jan-2018 - 05:00,None,1020.55,None,36.31,87.17,0.91,20.48,None,210.77,1.34,None,None,None,35.5,0.69,14.12,6.87,None,4.34
Karnataka,Bengaluru,site_163,17-Jan-2018 - 06:00,None,1021.02,None,31.64,88.99,0.91,20.29,None,209.36,1.3,1.05,None,None,35.65,0.68,13.78,6.83,None,4.09
Karnataka,Bengaluru,site_163,17-Jan-2018 - 07:00,None,1021.7,None,44.25,91.51,6.64,20.11,None,209.38,1.35,1.07,None,None,36.2,0.73,13.92,6.9,None,4.27
Karnataka,Bengaluru,site_163,17-Jan-2018 - 08:00,None,1019.17,None,53.64,81.39,91.01,21.09,None,209.2,1.29,None,None,None,36.73,0.83,13.98,7.09,None,3.87
Karnataka,Bengaluru,site_163,17-Jan-2018 - 09:00,None,1016.62,None,50.58,71.54,258.18,22.33,None,206.9,1.49,1.18,None,None,37.66,0.96,14.33,7.38,None,3.6
Karnataka,Bengaluru,site_163,17-Jan-2018 - 10:00,None,1014.1,None,44.71,60.86,393.34,23.71,None,208.01,1.28,None,None,None,37.73,1.09,14.3,7.46,None,3.67
Karnataka,Bengaluru,site_163,17-Jan-2018 - 11:00,None,1012.52,None,44.69,54.4,471.37,25.13,None,210.43,0.76,1.04,None,None,35.57,1.84,12.38,7.2,None,3.54
Karnataka,Bengaluru,site_163,17-Jan-2018 - 12:00,None,1011.35,None,60.46,49.29,468.31,25.82,None,274.89,0.32,None,None,None,36.16,0.91,2.8,2.04,None,3.78
Karnataka,Bengaluru,site_163,17-Jan-2018 - 13:00,None,1010.78,None,37.29,46.55,347.78,26.11,None,330.22,0.12,None,None,None,36.48,0.55,2.79,1.77,None,3.88
Karnataka,Bengaluru,site_163,17-Jan-2018 - 14:00,None,757.25,None,42.33,21.1,283.56,20.35,None,1.19,0.1,None,None,None,18.47,0.43,1.32,2.03,None,0.25
Karnataka,Bengaluru,site_163,17-Jan-2018 - 15:00,None,1009.32,None,68.12,40.72,239.25,26.85,None,237.35,0.15,1.03,None,None,38.39,1.17,3.48,2.57,None,4.19
Karnataka,Bengaluru,site_163,17-Jan-2018 - 16:00,None,1009.25,None,74.24,40.14,124.8,26.81,None,345.24,0.07,1.05,None,None,55.61,8.13,10.19,10.98,None,5.0
Karnataka,Bengaluru,site_163,17-Jan-2018 - 17:00,None,1009.7,None,93.38,42.11,17.91,25.79,None,323.36,0.04,1.18,None,None,42.56,1.3,10.28,5.98,None,5.4
Karnataka,Bengaluru,site_163,17-Jan-2018 - 18:00,None,1010.85,None,126.37,46.58,0.91,24.24,None,327.81,None,1.22,None,None,39.3,0.64,9.11,4.92,None,4.43
Karnataka,Bengaluru,site_163,17-Jan-2018 - 19:00,None,1011.88,None,136.48,51.2,0.91,23.35,None,313.21,None,1.45,None,None,37.76,0.15,9.12,4.53,None,4.88
Karnataka,Bengaluru,site_163,17-Jan-2018 - 20:00,None,1012.18,None,119.33,52.25,0.91,22.85,None,311.2,0.01,1.28,None,None,36.82,0.1,8.84,4.37,None,5.61
Karnataka,Bengaluru,site_163,17-Jan-2018 - 21:00,None,1013.52,None,104.39,57.9,0.91,22.65,None,253.21,0.4,1.26,None,None,36.2,0.02,7.98,3.79,None,5.15
Karnataka,Bengaluru,site_163,17-Jan-2018 - 22:00,None,1016.0,None,90.24,68.4,0.91,22.17,None,225.81,0.89,1.06,None,None,35.91,None,6.52,2.98,None,4.4
Karnataka,Bengaluru,site_164,17-Jan-2018 - 00:00,19.72,1010.3,None,48.05,94.07,None,None,None,74.97,0.71,1.37,None,None,None,6.99,49.32,31.82,31.86,2.49
Karnataka,Bengaluru,site_164,17-Jan-2018 - 01:00,19.84,1010.3,None,33.47,94.06,None,None,None,72.25,0.71,1.55,None,None,None,9.51,50.15,34.28,31.41,2.97
Karnataka,Bengaluru,site_164,17-Jan-2018 - 02:00,19.58,1010.4,None,26.8,94.05,None,None,None,75.37,0.72,1.41,None,None,None,10.76,47.68,33.97,30.51,2.42
Karnataka,Bengaluru,site_164,17-Jan-2018 - 03:00,20.01,1010.3,None,24.64,94.05,None,None,None,92.15,0.72,1.42,None,None,None,11.99,52.13,37.32,21.2,2.61
Karnataka,Bengaluru,site_164,17-Jan-2018 - 04:00,19.3,1010.3,None,23.66,94.05,None,None,None,85.24,0.71,1.56,None,None,None,15.57,65.27,47.17,16.79,2.75
Karnataka,Bengaluru,site_164,17-Jan-2018 - 05:00,19.97,1010.3,None,29.56,94.05,None,None,None,90.71,0.7,1.47,None,None,None,19.76,75.47,55.95,11.46,2.78
Karnataka,Bengaluru,site_164,17-Jan-2018 - 06:00,19.73,1010.3,None,39.06,94.05,None,None,None,95.44,0.66,1.46,None,None,None,21.36,74.21,56.56,15.88,2.94
Karnataka,Bengaluru,site_164,17-Jan-2018 - 07:00,19.17,1010.3,None,29.03,94.05,None,None,None,75.95,0.72,1.55,None,None,None,22.21,74.83,57.57,10.98,2.6
Karnataka,Bengaluru,site_164,17-Jan-2018 - 08:00,19.57,1010.3,None,24.29,94.05,None,None,None,100.55,0.64,1.61,None,None,None,15.1,63.88,46.05,12.67,2.22
Karnataka,Bengaluru,site_164,17-Jan-2018 - 09:00,20.2,1010.4,None,22.95,94.08,None,None,None,102.86,0.57,1.23,None,None,None,15.68,59.61,44.26,26.59,2.35
Karnataka,Bengaluru,site_164,17-Jan-2018 - 10:00,21.18,1010.65,None,27.06,91.61,None,None,None,66.0,0.62,1.35,None,None,None,14.54,56.74,41.81,44.4,2.12
Karnataka,Bengaluru,site_164,17-Jan-2018 - 11:00,22.09,1011.2,None,33.79,60.94,None,None,None,69.05,0.64,1.41,None,None,None,14.73,54.8,40.93,63.01,2.01
Karnataka,Bengaluru,site_164,17-Jan-2018 - 12:00,23.24,1013.48,None,26.41,39.26,None,None,None,49.84,0.71,1.37,None,None,None,14.74,56.63,41.91,76.04,2.22
Karnataka,Bengaluru,site_164,17-Jan-2018 - 13:00,23.53,1012.2,None,22.7,30.57,None,None,None,27.5,0.64,1.5,None,None,None,4.49,41.29,25.55,86.66,2.1
Karnataka,Bengaluru,site_164,17-Jan-2018 - 14:00,23.53,1012.85,None,20.85,30.08,None,None,None,33.38,0.71,1.44,None,None,None,2.41,32.71,19.33,87.25,2.0
Karnataka,Bengaluru,site_164,17-Jan-2018 - 15:00,23.53,1011.3,None,21.24,25.38,None,None,None,36.24,0.56,1.43,None,None,None,4.25,37.12,23.15,90.19,2.1
Karnataka,Bengaluru,site_164,17-Jan-2018 - 16:00,23.69,1013.15,None,32.95,21.99,None,None,None,34.75,0.68,1.62,None,None,None,4.67,47.43,28.96,83.52,2.0
Karnataka,Bengaluru,site_164,17-Jan-2018 - 17:00,23.49,1012.88,None,49.57,22.57,None,None,None,42.51,0.77,1.57,None,None,None,6.83,75.25,45.49,62.99,1.99
Karnataka,Bengaluru,site_164,17-Jan-2018 - 18:00,22.8,1011.15,None,36.17,26.09,None,None,None,38.48,0.74,1.67,None,None,None,11.3,108.95,66.99,29.12,2.17
Karnataka,Bengaluru,site_164,17-Jan-2018 - 19:00,21.92,1010.9,None,29.39,32.22,None,None,None,59.8,0.72,1.45,None,None,None,15.67,116.64,74.57,17.16,2.35
Karnataka,Bengaluru,site_164,17-Jan-2018 - 20:00,21.15,1010.58,None,25.61,42.48,None,None,None,76.71,0.72,1.04,None,None,None,15.64,103.45,67.54,21.9,2.67
Karnataka,Bengaluru,site_164,17-Jan-2018 - 21:00,20.69,1010.53,None,31.71,56.71,None,None,None,67.02,0.72,1.6,None,None,None,11.23,83.18,53.23,33.67,2.27
Karnataka,Bengaluru,site_164,17-Jan-2018 - 22:00,20.49,1010.93,None,43.99,61.22,None,None,None,65.93,0.73,1.44,None,None,None,10.59,70.87,46.16,45.24,2.14
Karnataka,Bengaluru,site_165,17-Jan-2018 - 00:00,None,None,113.93,None,None,None,None,None,None,None,1.16,None,None,None,2.02,18.93,10.74,None,5.0
Karnataka,Bengaluru,site_165,17-Jan-2018 - 01:00,None,None,91.02,None,None,None,None,None,None,None,0.88,None,None,None,1.03,13.3,7.26,None,5.16
Karnataka,Bengaluru,site_165,17-Jan-2018 - 02:00,None,None,55.31,None,None,None,None,None,None,None,1.05,None,None,None,0.85,11.51,6.25,None,5.17
Karnataka,Bengaluru,site_165,17-Jan-2018 - 03:00,None,None,56.87,None,None,None,None,None,None,None,0.83,None,None,None,1.89,16.09,9.26,None,4.16
Karnataka,Bengaluru,site_165,17-Jan-2018 - 04:00,None,None,101.63,None,None,None,None,None,None,None,0.82,None,None,None,4.29,22.48,14.16,None,4.2
Karnataka,Bengaluru,site_165,17-Jan-2018 - 05:00,None,None,185.35,None,None,None,None,None,None,None,1.02,None,None,None,7.06,31.3,20.53,None,5.35
Karnataka,Bengaluru,site_165,17-Jan-2018 - 06:00,None,None,182.73,None,None,None,None,None,None,None,1.0,None,None,None,10.5,37.44,26.1,None,4.65
Karnataka,Bengaluru,site_165,17-Jan-2018 - 07:00,None,None,202.15,None,None,None,None,None,None,None,1.19,None,None,None,13.88,44.59,32.11,None,5.48
Karnataka,Bengaluru,site_165,17-Jan-2018 - 08:00,None,None,213.02,None,None,None,None,None,None,None,0.89,None,None,None,11.5,43.85,29.97,None,6.2
Karnataka,Bengaluru,site_165,17-Jan-2018 - 09:00,None,None,172.23,None,None,None,None,None,None,None,0.74,None,None,None,7.4,35.92,23.05,None,5.99
Karnataka,Bengaluru,site_165,17-Jan-2018 - 10:00,None,None,177.43,None,None,None,None,None,None,None,0.99,None,None,None,7.87,39.49,25.14,None,5.34
Karnataka,Bengaluru,site_165,17-Jan-2018 - 11:00,None,None,154.2,None,None,None,None,None,None,None,1.41,None,None,None,6.11,39.47,23.81,None,6.26
Karnataka,Bengaluru,site_165,17-Jan-2018 - 12:00,None,None,133.93,None,None,None,None,None,None,None,0.65,None,None,None,5.33,38.44,22.73,None,5.5
Karnataka,Bengaluru,site_165,17-Jan-2018 - 13:00,None,None,110.71,None,None,None,None,None,None,None,1.56,None,None,None,3.94,31.12,18.12,None,4.23
Karnataka,Bengaluru,site_165,17-Jan-2018 - 14:00,None,None,108.64,None,None,None,None,None,None,None,1.18,None,None,None,4.59,32.36,19.21,None,3.84
Karnataka,Bengaluru,site_165,17-Jan-2018 - 15:00,None,None,None,None,None,None,None,None,None,None,None,None,None,None,None,None,None,None,None
Karnataka,Bengaluru,site_165,17-Jan-2018 - 16:00,None,None,None,None,None,None,None,None,None,None,None,None,None,None,None,None,None,None,None
Karnataka,Bengaluru,site_165,17-Jan-2018 - 17:00,None,None,None,None,None,None,None,None,None,None,None,None,None,None,None,None,None,None,None
Karnataka,Bengaluru,site_165,17-Jan-2018 - 18:00,None,None,None,None,None,None,None,None,None,None,None,None,None,None,None,None,None,None,None
Karnataka,Bengaluru,site_165,17-Jan-2018 - 19:00,None,None,287.54,None,None,None,None,None,None,None,2.0,None,None,None,34.31,98.05,73.43,None,6.79
Karnataka,Bengaluru,site_165,17-Jan-2018 - 20:00,None,None,232.18,None,None,None,None,None,None,None,0.92,None,None,None,31.67,91.42,68.23,None,None
Karnataka,Bengaluru,site_165,17-Jan-2018 - 21:00,None,None,236.6,None,None,None,None,None,None,None,1.18,None,None,None,17.57,65.04,44.84,None,None
Karnataka,Bengaluru,site_165,17-Jan-2018 - 22:00,None,None,174.15,None,None,None,None,None,None,None,0.87,None,None,None,11.83,51.57,33.98,None,None
Karnataka,Bengaluru,site_166,17-Jan-2018 - 00:00,21.5,None,67.81,None,52.99,64.95,None,None,37.02,0.62,0.09,None,None,None,1.82,24.15,12.19,None,2.62
Karnataka,Bengaluru,site_166,17-Jan-2018 - 01:00,20.95,None,50.05,None,56.82,62.29,None,None,35.23,0.63,0.08,None,None,None,1.98,22.41,11.54,None,2.61
Karnataka,Bengaluru,site_166,17-Jan-2018 - 02:00,20.39,None,54.33,None,62.39,65.38,None,None,32.18,0.62,0.24,None,None,None,3.2,19.99,11.23,None,2.42
Karnataka,Bengaluru,site_166,17-Jan-2018 - 03:00,19.95,None,61.32,None,70.45,62.84,None,None,35.79,0.63,0.19,None,None,None,2.61,19.71,10.69,None,2.34
Karnataka,Bengaluru,site_166,17-Jan-2018 - 04:00,19.62,None,54.88,None,79.23,65.09,None,None,31.97,0.62,0.3,None,None,None,1.5,21.7,10.88,None,2.52
Karnataka,Bengaluru,site_166,17-Jan-2018 - 05:00,19.47,None,50.91,None,79.4,65.35,None,None,33.14,0.62,0.29,None,None,None,3.15,29.6,15.95,None,2.58
Karnataka,Bengaluru,site_166,17-Jan-2018 - 06:00,19.28,None,55.0,None,79.08,62.66,None,None,34.32,0.63,0.52,None,None,None,1.91,28.81,14.22,None,2.46
Karnataka,Bengaluru,site_166,17-Jan-2018 - 07:00,19.35,None,61.72,None,78.64,97.5,None,None,31.36,0.62,0.49,None,None,None,1.62,36.56,18.06,None,2.7
Karnataka,Bengaluru,site_166,17-Jan-2018 - 08:00,20.28,None,64.7,None,61.72,208.45,None,None,26.2,0.62,0.67,None,None,None,2.41,41.37,21.33,None,2.92
Karnataka,Bengaluru,site_166,17-Jan-2018 - 09:00,21.56,None,73.07,None,45.49,346.53,None,None,24.11,0.62,0.78,None,None,None,2.89,42.65,21.87,None,2.98
Karnataka,Bengaluru,site_166,17-Jan-2018 - 10:00,22.97,None,71.72,None,49.12,483.18,None,None,26.58,0.62,0.57,None,None,None,2.71,44.99,23.04,None,3.2
Karnataka,Bengaluru,site_166,17-Jan-2018 - 11:00,24.63,None,80.34,None,47.89,633.71,None,None,23.86,0.62,0.34,None,None,None,2.59,35.04,17.75,None,3.17
Karnataka,Bengaluru,site_166,17-Jan-2018 - 12:00,26.36,None,55.43,None,48.02,681.44,None,None,23.38,0.62,0.33,None,None,None,1.93,30.67,15.63,None,3.03
Karnataka,Bengaluru,site_166,17-Jan-2018 - 13:00,27.5,None,57.69,None,44.12,675.87,None,None,21.49,0.62,0.32,None,None,None,2.14,23.66,12.53,None,2.85
Karnataka,Bengaluru,site_166,17-Jan-2018 - 14:00,27.99,None,54.49,None,41.52,627.54,None,None,21.86,0.62,0.11,None,None,None,2.58,20.41,10.57,None,2.64
Karnataka,Bengaluru,site_166,17-Jan-2018 - 15:00,28.55,None,49.04,None,34.6,528.46,None,None,21.56,0.62,0.21,None,None,None,2.78,21.7,11.17,None,2.88
Karnataka,Bengaluru,site_166,17-Jan-2018 - 16:00,28.43,None,60.64,None,38.11,357.85,None,None,19.66,0.61,0.24,None,None,None,2.68,25.66,13.32,None,2.88
Karnataka,Bengaluru,site_166,17-Jan-2018 - 17:00,27.65,None,63.75,None,41.87,170.59,None,None,23.81,0.62,0.41,None,None,None,2.11,29.03,14.29,None,2.52
Karnataka,Bengaluru,site_166,17-Jan-2018 - 18:00,25.9,None,62.01,None,40.71,69.32,None,None,21.39,0.62,0.76,None,None,None,2.37,52.7,26.31,None,2.37
Karnataka,Bengaluru,site_166,17-Jan-2018 - 19:00,24.95,None,77.77,None,41.99,65.78,None,None,22.99,0.61,0.75,None,None,None,2.02,64.19,31.87,None,2.56
Karnataka,Bengaluru,site_166,17-Jan-2018 - 20:00,24.19,None,64.71,None,41.28,65.66,None,None,21.45,0.61,1.0,None,None,None,2.14,72.41,35.7,None,2.6
Karnataka,Bengaluru,site_166,17-Jan-2018 - 21:00,23.21,None,70.12,None,48.13,65.35,None,None,23.23,0.62,0.83,None,None,None,2.26,64.56,32.27,None,2.81
Karnataka,Bengaluru,site_166,17-Jan-2018 - 22:00,22.05,None,76.38,None,51.14,65.06,None,None,23.33,0.62,0.25,None,None,None,2.42,39.04,19.76,None,2.87
Maharastra,Aurangabad,site_198,17-Jan-2018 - 00:00,None,None,None,None,43.95,None,23.66,None,274.45,0.93,None,None,None,None,None,None,None,None,None
Maharastra,Aurangabad,site_198,17-Jan-2018 - 01:00,None,None,None,None,44.49,None,23.85,None,186.7,1.43,None,None,None,None,None,None,None,None,None
Maharastra,Aurangabad,site_198,17-Jan-2018 - 02:00,None,None,None,None,52.82,None,22.05,None,227.19,1.16,None,None,None,None,None,None,None,None,None
Maharastra,Aurangabad,site_198,17-Jan-2018 - 03:00,None,None,None,None,55.98,None,20.73,None,248.7,0.57,None,None,None,None,None,None,None,None,None
Maharastra,Aurangabad,site_198,17-Jan-2018 - 04:00,None,None,None,None,56.76,None,20.13,None,172.57,1.18,None,None,None,None,None,None,None,None,None
Maharastra,Aurangabad,site_198,17-Jan-2018 - 05:00,None,None,None,None,57.85,None,19.77,None,164.64,1.0,None,None,None,None,None,None,None,None,None
Maharastra,Aurangabad,site_198,17-Jan-2018 - 06:00,None,None,None,None,58.31,None,19.88,None,131.38,1.23,None,None,None,None,None,None,None,None,None
Maharastra,Aurangabad,site_198,17-Jan-2018 - 07:00,None,None,None,None,63.3,63.4,19.53,None,271.93,1.08,None,None,None,None,None,None,None,None,None
Maharastra,Aurangabad,site_198,17-Jan-2018 - 08:00,None,None,None,None,51.35,337.25,23.11,None,264.88,0.86,None,None,None,None,None,None,None,None,None
Maharastra,Aurangabad,site_198,17-Jan-2018 - 09:00,None,None,None,None,36.92,573.8,26.2,None,336.79,2.02,None,None,None,None,None,None,None,None,None
Maharastra,Aurangabad,site_198,17-Jan-2018 - 10:00,None,None,None,None,31.43,836.5,28.43,None,173.38,2.46,None,None,None,None,None,None,None,None,None
Maharastra,Aurangabad,site_198,17-Jan-2018 - 11:00,None,None,153.32,64.55,25.26,962.75,30.8,23.66,284.78,2.43,0.55,2.65,None,42.43,11.24,59.49,40.1,89.33,None
Maharastra,Aurangabad,site_198,17-Jan-2018 - 12:00,None,None,111.23,67.3,21.63,1011.25,31.79,16.41,299.1,1.84,0.76,1.56,None,30.31,10.97,64.58,43.32,88.46,None
Maharastra,Aurangabad,site_198,17-Jan-2018 - 13:00,None,None,93.64,77.4,18.7,934.7,32.53,16.28,209.0,2.44,0.61,1.3,None,32.79,8.62,56.97,37.09,88.51,7.84
Maharastra,Aurangabad,site_198,17-Jan-2018 - 14:00,None,None,104.48,81.52,16.15,756.0,32.9,11.22,223.75,2.45,0.57,0.62,None,31.26,9.04,57.47,37.48,80.17,9.4
Maharastra,Aurangabad,site_198,17-Jan-2018 - 15:00,None,None,105.21,57.43,16.71,587.35,33.32,18.54,163.8,1.6,0.64,0.78,None,30.2,11.84,67.12,48.45,77.99,8.49
Maharastra,Aurangabad,site_198,17-Jan-2018 - 16:00,None,None,99.97,45.55,17.61,226.5,32.4,19.65,206.33,3.37,0.67,1.0,None,31.23,10.57,64.94,43.68,69.52,8.06
Maharastra,Aurangabad,site_198,17-Jan-2018 - 17:00,None,None,112.67,37.71,20.24,9.1,30.69,15.84,205.56,3.45,0.66,0.72,None,33.63,5.19,40.14,25.13,75.18,7.81
Maharastra,Aurangabad,site_198,17-Jan-2018 - 18:00,None,None,104.2,27.24,23.95,None,28.72,15.14,238.42,1.47,0.61,1.15,None,36.96,4.69,31.84,20.39,61.98,5.54
Maharastra,Aurangabad,site_198,17-Jan-2018 - 19:00,None,None,122.85,29.29,30.76,None,25.94,19.28,236.32,1.18,0.93,2.12,None,41.51,7.38,39.58,26.6,24.64,5.31
Maharastra,Aurangabad,site_198,17-Jan-2018 - 20:00,None,None,159.43,33.59,33.13,None,25.03,29.24,276.74,1.45,1.37,3.39,None,46.76,9.37,45.61,31.35,7.37,5.56
Maharastra,Aurangabad,site_198,17-Jan-2018 - 21:00,None,None,172.62,43.8,33.57,None,24.88,28.87,299.47,2.51,0.93,3.78,None,61.06,9.06,52.97,34.93,14.34,7.08
Maharastra,Aurangabad,site_198,17-Jan-2018 - 22:00,None,None,157.76,56.99,37.0,None,24.16,24.45,275.9,1.39,0.94,4.4,None,64.7,5.94,44.66,28.1,26.24,9.42
Maharastra,Chandrapur,site_271,17-Jan-2018 - 00:00,20.42,743.0,122.5,58.5,47.0,1.25,22.08,None,95.5,0.65,0.48,None,None,11.62,2.62,21.55,13.6,11.55,8.9
Maharastra,Chandrapur,site_271,17-Jan-2018 - 01:00,19.92,743.0,124.0,69.0,48.75,1.0,22.18,None,162.75,0.93,0.54,None,None,11.4,2.95,21.13,13.6,13.25,8.32
Maharastra,Chandrapur,site_271,17-Jan-2018 - 02:00,19.1,743.0,123.75,58.0,49.25,1.0,22.18,None,140.75,1.28,0.61,None,None,10.72,2.82,20.9,13.4,13.15,8.5
Maharastra,Chandrapur,site_271,17-Jan-2018 - 03:00,18.4,743.0,103.75,42.75,48.0,1.0,22.27,None,291.75,1.67,0.62,None,None,11.17,2.72,20.7,13.18,13.67,8.75
Maharastra,Chandrapur,site_271,17-Jan-2018 - 04:00,17.93,743.0,125.75,39.75,49.75,1.25,22.3,None,127.75,0.7,0.57,None,None,11.62,2.65,20.35,12.97,13.55,8.6
Maharastra,Chandrapur,site_271,17-Jan-2018 - 05:00,17.15,743.0,105.0,38.75,53.75,1.0,22.3,None,108.0,0.92,0.55,None,None,11.92,2.78,20.1,12.95,11.47,8.55
Maharastra,Chandrapur,site_271,17-Jan-2018 - 06:00,16.4,743.0,145.5,70.0,53.75,1.25,22.32,None,105.25,0.7,0.5,None,None,12.3,2.97,20.25,13.17,13.28,8.68
Maharastra,Chandrapur,site_271,17-Jan-2018 - 07:00,17.55,743.0,218.25,132.5,50.25,38.75,22.25,None,210.0,1.02,0.73,None,None,12.65,3.33,20.6,13.62,12.55,8.68
Maharastra,Chandrapur,site_271,17-Jan-2018 - 08:00,19.63,743.0,299.0,163.25,47.0,152.5,22.27,None,262.25,1.2,0.84,None,None,12.92,4.15,20.7,14.35,14.18,9.25
Maharastra,Chandrapur,site_271,17-Jan-2018 - 09:00,23.78,743.0,180.75,75.75,38.25,272.75,22.33,1.6,244.75,0.93,0.76,0.3,None,12.87,3.68,21.35,14.3,10.97,9.17
Maharastra,Chandrapur,site_271,17-Jan-2018 - 10:00,26.82,743.0,186.25,78.25,34.25,383.5,22.33,1.53,161.5,1.28,0.51,0.28,None,12.35,2.85,22.1,14.08,8.83,8.8
Maharastra,Chandrapur,site_271,17-Jan-2018 - 11:00,28.6,743.0,98.0,36.75,30.75,471.0,22.35,1.25,123.5,2.55,0.49,0.23,None,12.0,2.7,20.15,12.97,14.62,8.4
Maharastra,Chandrapur,site_271,17-Jan-2018 - 12:00,30.1,743.0,71.75,17.75,28.75,348.5,23.3,1.25,144.75,2.4,0.5,0.2,None,13.2,2.75,19.53,12.62,14.15,8.77
Maharastra,Chandrapur,site_271,17-Jan-2018 - 13:00,31.43,743.0,64.0,17.25,28.0,474.75,24.32,1.18,181.5,2.03,0.5,0.18,None,14.55,2.57,19.4,12.32,12.22,9.25
Maharastra,Chandrapur,site_271,17-Jan-2018 - 14:00,32.1,743.0,60.25,18.5,28.5,395.75,25.45,1.08,229.75,1.85,0.53,0.1,None,16.6,2.45,19.58,12.4,11.82,9.35
Maharastra,Chandrapur,site_271,17-Jan-2018 - 15:00,32.55,743.0,63.25,21.75,28.5,286.75,26.55,1.1,187.25,1.53,0.62,0.1,None,18.55,2.45,19.85,12.55,12.9,10.5
Maharastra,Chandrapur,site_271,17-Jan-2018 - 16:00,31.38,743.0,81.25,26.75,30.0,146.5,26.95,1.2,205.25,2.18,0.68,0.1,None,19.1,2.65,20.35,12.98,12.05,10.8
Maharastra,Chandrapur,site_271,17-Jan-2018 - 17:00,30.32,743.0,101.25,30.0,31.0,26.75,26.72,1.6,267.25,1.15,0.79,0.1,None,18.3,2.6,20.78,13.17,13.1,10.3
Maharastra,Chandrapur,site_271,17-Jan-2018 - 18:00,28.45,743.0,184.5,52.5,32.75,1.5,25.7,2.6,329.5,0.85,1.01,0.23,None,17.68,4.0,21.8,14.83,13.08,9.77
Maharastra,Chandrapur,site_271,17-Jan-2018 - 19:00,26.35,743.0,301.75,85.25,36.75,1.25,24.35,3.55,93.5,0.77,1.7,0.38,None,15.75,7.3,22.15,17.75,12.78,11.0
Maharastra,Chandrapur,site_271,17-Jan-2018 - 20:00,25.2,743.0,217.75,73.0,37.75,1.0,22.8,3.52,92.25,2.72,1.47,0.4,None,13.23,6.62,22.0,17.12,13.7,10.17
Maharastra,Chandrapur,site_271,17-Jan-2018 - 21:00,24.4,743.0,78.0,24.25,39.0,1.0,21.6,3.43,157.25,2.6,0.85,0.35,None,11.2,4.13,21.95,15.08,12.87,8.43
Maharastra,Chandrapur,site_271,17-Jan-2018 - 22:00,23.4,743.0,67.25,26.75,42.0,1.0,21.83,3.1,137.25,1.25,0.58,0.3,None,13.38,2.95,21.33,13.77,13.65,7.45
Maharastra,Chandrapur,site_295,17-Jan-2018 - 00:00,None,None,81.1,27.14,62.75,None,18.45,11.07,149.83,0.23,0.73,3.12,None,5.67,9.41,14.98,17.88,26.98,0.54
Maharastra,Chandrapur,site_295,17-Jan-2018 - 01:00,None,None,71.4,24.45,70.97,None,17.42,11.99,216.06,0.33,0.65,3.76,None,5.73,8.24,14.48,16.68,8.93,0.46
Maharastra,Chandrapur,site_295,17-Jan-2018 - 02:00,None,None,76.54,20.17,77.65,0.1,16.55,12.59,162.25,0.53,0.78,4.0,None,5.37,9.72,16.08,18.7,5.84,None
Maharastra,Chandrapur,site_295,17-Jan-2018 - 03:00,None,None,94.31,27.34,58.51,0.1,18.14,11.76,296.5,0.99,0.83,4.33,None,5.77,9.43,16.84,18.85,34.02,None
Maharastra,Chandrapur,site_295,17-Jan-2018 - 04:00,None,None,95.25,32.29,68.32,None,16.8,9.4,106.35,0.34,0.63,3.88,None,5.48,8.0,16.8,17.72,27.0,0.71
Maharastra,Chandrapur,site_295,17-Jan-2018 - 05:00,None,None,81.47,31.87,74.29,None,15.43,9.31,131.41,0.55,0.58,3.9,None,6.09,7.24,15.07,16.23,13.26,1.45
Maharastra,Chandrapur,site_295,17-Jan-2018 - 06:00,None,None,85.64,23.01,79.26,None,14.73,9.37,265.66,0.47,0.8,3.67,None,5.73,8.63,15.52,17.55,8.52,1.52
Maharastra,Chandrapur,site_295,17-Jan-2018 - 07:00,None,None,88.47,22.61,76.64,32.6,15.39,8.18,228.62,0.62,0.98,3.32,None,5.36,9.54,18.75,19.95,6.84,1.07
Maharastra,Chandrapur,site_295,17-Jan-2018 - 08:00,None,None,89.7,36.04,54.58,162.15,19.5,8.1,89.13,0.8,0.62,3.75,None,5.27,8.69,18.84,19.35,37.37,0.89
Maharastra,Chandrapur,site_295,17-Jan-2018 - 09:00,None,None,99.81,29.64,40.66,262.85,23.03,8.03,57.02,0.76,0.53,3.85,None,6.18,8.11,16.54,17.67,68.1,0.68
Maharastra,Chandrapur,site_295,17-Jan-2018 - 10:00,None,None,91.92,30.02,34.56,175.58,25.6,7.26,110.45,0.98,0.7,3.38,None,5.94,9.68,14.85,18.02,91.0,0.72
Maharastra,Chandrapur,site_295,17-Jan-2018 - 11:00,None,None,None,8.0,29.71,83.92,27.63,7.05,118.62,1.42,0.9,3.2,None,6.12,7.87,14.29,16.27,56.3,0.33
Maharastra,Chandrapur,site_295,17-Jan-2018 - 12:00,None,None,18.7,7.78,23.85,61.8,29.51,None,128.22,1.53,0.61,None,None,6.58,8.84,12.55,16.17,110.5,1.75
Maharastra,Chandrapur,site_295,17-Jan-2018 - 13:00,None,None,36.08,6.27,22.3,346.27,30.83,133.81,144.84,0.71,0.24,111.38,None,6.74,8.16,14.08,16.4,115.07,4.31
Maharastra,Chandrapur,site_295,17-Jan-2018 - 14:00,None,None,35.55,6.04,22.41,87.95,31.89,107.28,241.01,0.93,0.77,88.47,None,6.87,8.09,12.29,15.4,106.24,4.87
Maharastra,Chandrapur,site_295,17-Jan-2018 - 15:00,None,None,36.4,7.21,23.3,242.73,31.62,57.89,116.81,0.82,0.87,45.67,None,7.02,8.54,13.61,16.48,112.74,4.04
Maharastra,Chandrapur,site_295,17-Jan-2018 - 16:00,None,None,37.32,15.1,23.89,130.03,31.36,35.37,225.38,0.69,0.64,25.4,None,6.37,10.31,12.83,17.48,114.03,1.54
Maharastra,Chandrapur,site_295,17-Jan-2018 - 17:00,None,None,39.91,18.56,27.21,17.55,29.9,23.38,94.59,0.62,0.52,15.0,None,6.4,8.63,14.2,16.82,90.92,2.62
Maharastra,Chandrapur,site_295,17-Jan-2018 - 18:00,None,None,53.5,20.15,34.4,None,26.93,15.97,39.45,0.77,0.91,9.12,None,6.52,7.68,17.17,17.6,43.32,1.93
Maharastra,Chandrapur,site_295,17-Jan-2018 - 19:00,None,None,92.05,31.18,45.2,0.1,24.03,19.52,96.99,0.42,1.3,10.49,None,6.34,9.0,18.9,19.6,10.53,1.25
Maharastra,Chandrapur,site_295,17-Jan-2018 - 20:00,None,None,117.98,43.47,48.14,0.4,23.43,20.66,86.71,0.88,0.83,9.39,None,5.79,9.05,20.52,20.48,15.29,0.59
Maharastra,Chandrapur,site_295,17-Jan-2018 - 21:00,None,None,122.15,35.62,48.5,None,23.09,18.63,104.51,0.76,0.6,7.97,None,6.24,7.84,20.21,19.38,8.49,0.92
Maharastra,Chandrapur,site_295,17-Jan-2018 - 22:00,None,None,112.68,33.03,62.53,None,20.4,17.95,154.87,0.38,0.69,7.39,None,6.75,9.74,16.87,19.12,4.15,0.54
Maharastra,Nagpur,site_303,17-Jan-2018 - 00:00,None,None,130.71,50.19,59.62,None,19.6,20.63,145.4,1.02,0.12,6.16,None,16.32,2.53,17.82,9.0,13.98,4.12
Maharastra,Nagpur,site_303,17-Jan-2018 - 01:00,None,None,92.31,47.24,68.97,None,17.86,10.82,261.2,0.38,0.28,3.43,None,13.76,0.95,28.89,14.09,18.43,2.85
Maharastra,Nagpur,site_303,17-Jan-2018 - 02:00,None,None,90.68,53.95,74.43,None,16.91,12.6,290.7,1.09,0.0,4.82,None,14.46,1.36,23.7,10.57,11.53,2.17
Maharastra,Nagpur,site_303,17-Jan-2018 - 03:00,None,None,61.25,41.75,74.24,None,16.34,10.76,354.64,0.35,0.0,3.77,None,10.82,2.54,18.72,9.84,20.19,1.95
Maharastra,Nagpur,site_303,17-Jan-2018 - 04:00,None,None,61.88,42.35,66.76,None,16.88,9.44,252.23,1.45,0.0,3.37,None,11.29,2.62,19.49,10.76,22.09,2.75
Maharastra,Nagpur,site_303,17-Jan-2018 - 05:00,None,None,56.96,36.28,68.07,None,16.15,5.39,181.16,1.13,0.0,2.66,None,11.73,3.58,18.5,8.17,20.15,4.94
Maharastra,Nagpur,site_303,17-Jan-2018 - 06:00,None,None,67.52,27.58,72.74,None,15.07,4.55,222.16,0.7,0.46,2.82,None,5.67,0.59,26.02,5.91,20.52,3.01
Maharastra,Nagpur,site_303,17-Jan-2018 - 07:00,None,None,113.87,44.37,66.8,None,16.91,13.65,277.69,1.49,0.81,4.86,None,15.47,14.52,36.36,30.23,14.54,3.6
Maharastra,Nagpur,site_303,17-Jan-2018 - 08:00,None,None,126.15,44.03,50.88,7.8,20.81,12.89,220.97,0.52,0.64,5.96,None,11.09,4.25,24.0,13.27,30.04,15.12
Maharastra,Nagpur,site_303,17-Jan-2018 - 09:00,None,None,109.47,56.92,41.44,295.5,24.0,7.96,136.11,0.79,0.6,3.65,None,7.17,2.32,15.52,5.06,54.06,20.28
Maharastra,Nagpur,site_303,17-Jan-2018 - 10:00,None,None,102.57,46.13,36.98,56.8,26.68,14.25,106.11,1.62,1.03,5.58,None,9.21,1.02,29.48,9.84,87.25,12.62
Maharastra,Nagpur,site_303,17-Jan-2018 - 11:00,None,None,106.55,44.8,31.29,256.7,29.95,27.32,186.21,1.75,1.48,9.41,None,14.12,4.12,41.82,19.32,88.09,9.16
Maharastra,Nagpur,site_303,17-Jan-2018 - 12:00,None,None,107.4,64.91,29.04,206.9,31.01,21.28,126.26,1.3,0.61,5.84,None,8.52,3.45,12.1,7.69,67.14,6.54
Maharastra,Nagpur,site_303,17-Jan-2018 - 13:00,None,None,72.12,50.37,28.73,434.0,32.52,16.69,158.67,1.34,0.86,4.15,None,10.74,5.58,21.88,13.34,85.45,7.65
Maharastra,Nagpur,site_303,17-Jan-2018 - 14:00,None,None,71.83,38.94,29.32,284.7,32.2,11.85,115.94,1.06,0.43,3.33,None,8.75,3.61,12.9,8.31,108.95,7.43
Maharastra,Nagpur,site_303,17-Jan-2018 - 15:00,None,None,65.96,48.81,30.82,154.0,32.19,8.64,85.81,1.38,0.35,2.83,None,2.74,None,19.01,0.07,84.42,34.65
Maharastra,Nagpur,site_303,17-Jan-2018 - 16:00,None,None,73.82,50.57,32.16,None,31.82,5.73,89.53,0.55,0.23,1.43,None,7.36,0.51,13.02,2.86,68.31,33.51
Maharastra,Nagpur,site_303,17-Jan-2018 - 17:00,None,None,55.46,45.97,45.09,None,28.06,16.14,158.72,0.71,2.45,3.44,None,44.34,24.73,72.94,62.78,12.04,25.95
Maharastra,Nagpur,site_303,17-Jan-2018 - 18:00,None,None,90.56,61.59,53.64,None,24.9,151.58,252.94,1.29,3.65,32.74,None,60.26,55.51,73.26,87.89,8.83,28.67
Maharastra,Nagpur,site_303,17-Jan-2018 - 19:00,None,None,145.2,81.73,60.2,None,23.37,124.59,282.66,1.32,5.39,28.72,None,74.92,89.65,71.05,115.57,15.97,23.11
Maharastra,Nagpur,site_303,17-Jan-2018 - 20:00,None,None,195.08,103.51,61.21,None,22.53,119.54,222.83,1.61,5.45,28.99,None,66.39,71.27,75.61,99.09,13.15,19.26
Maharastra,Nagpur,site_303,17-Jan-2018 - 21:00,None,None,223.89,107.2,53.62,None,23.98,96.33,13.19,1.36,3.07,24.09,None,41.49,32.5,68.51,62.5,13.42,23.47
Maharastra,Nagpur,site_303,17-Jan-2018 - 22:00,None,None,180.73,103.51,56.05,None,23.26,48.36,276.4,0.36,1.78,12.8,None,27.54,10.19,58.13,38.68,14.14,28.35
Maharastra,Nashik,site_304,17-Jan-2018 - 00:00,19.03,None,74.16,28.18,75.95,None,None,39.03,137.63,1.39,1.34,5.93,None,40.12,4.43,38.47,22.85,2.97,2.02
Maharastra,Nashik,site_304,17-Jan-2018 - 01:00,18.65,None,66.72,31.26,78.46,None,None,38.55,262.22,0.97,1.25,6.66,None,40.96,1.63,32.8,17.62,6.11,5.79
Maharastra,Nashik,site_304,17-Jan-2018 - 02:00,18.06,None,57.3,24.54,80.81,None,None,31.69,179.24,1.11,0.91,4.08,None,36.58,1.7,25.48,13.87,9.91,0.32
Maharastra,Nashik,site_304,17-Jan-2018 - 03:00,16.42,None,41.58,16.13,87.68,None,None,31.03,86.0,1.39,0.6,3.45,None,31.6,0.92,21.27,11.01,8.51,0.27
Maharastra,Nashik,site_304,17-Jan-2018 - 04:00,15.72,None,30.7,9.82,88.63,None,None,30.92,82.67,1.28,0.73,3.08,None,29.49,1.75,18.57,10.28,7.69,1.62
Maharastra,Nashik,site_304,17-Jan-2018 - 05:00,15.77,None,29.11,14.04,86.74,None,None,29.84,185.13,1.57,0.77,2.74,None,28.93,1.83,18.19,10.13,10.79,0.97
Maharastra,Nashik,site_304,17-Jan-2018 - 06:00,16.53,None,35.59,16.96,84.95,None,None,29.28,214.13,2.04,1.2,6.14,None,33.67,7.78,23.99,17.97,8.77,1.06
Maharastra,Nashik,site_304,17-Jan-2018 - 07:00,15.13,None,68.85,36.49,90.53,None,None,31.2,115.1,1.69,0.89,6.29,None,31.08,3.97,21.5,13.61,4.92,3.04
Maharastra,Nashik,site_304,17-Jan-2018 - 08:00,19.01,None,65.18,37.53,74.67,94.97,None,31.54,157.07,1.39,1.24,6.67,None,48.31,5.48,31.75,20.18,17.03,0.38
Maharastra,Nashik,site_304,17-Jan-2018 - 09:00,24.0,None,87.28,46.83,56.95,404.2,None,29.32,204.78,1.14,1.12,6.03,None,73.67,2.52,53.52,33.85,45.25,2.24
Maharastra,Nashik,site_304,17-Jan-2018 - 10:00,27.59,None,92.34,58.73,36.76,634.2,None,32.43,128.62,2.51,1.46,6.23,None,59.42,3.15,43.82,24.61,103.44,0.89
Maharastra,Nashik,site_304,17-Jan-2018 - 11:00,29.33,None,98.28,58.21,31.36,802.88,None,28.31,118.08,2.6,0.93,4.99,None,42.82,2.05,31.14,17.09,129.17,3.21
Maharastra,Nashik,site_304,17-Jan-2018 - 12:00,30.39,None,88.88,59.49,27.61,896.88,None,15.91,132.54,2.56,0.76,2.78,None,31.56,0.96,20.33,10.46,121.64,5.71
Maharastra,Nashik,site_304,17-Jan-2018 - 13:00,31.01,None,91.72,40.48,26.99,885.32,None,14.61,283.9,2.26,0.48,1.92,None,30.71,1.68,19.15,10.53,100.22,9.02
Maharastra,Nashik,site_304,17-Jan-2018 - 14:00,31.28,None,101.13,25.99,26.54,790.23,None,11.38,277.75,2.58,0.54,1.28,None,28.42,1.52,16.14,8.85,98.37,7.31
Maharastra,Nashik,site_304,17-Jan-2018 - 15:00,31.29,None,118.44,20.5,27.09,597.32,None,11.04,284.73,3.05,0.38,1.02,None,27.49,1.86,16.01,9.04,90.53,5.78
Maharastra,Nashik,site_304,17-Jan-2018 - 16:00,31.26,None,104.94,27.31,27.22,383.27,None,12.94,282.46,3.28,0.52,1.07,None,27.12,1.37,15.35,8.31,92.68,6.22
Maharastra,Nashik,site_304,17-Jan-2018 - 17:00,30.39,None,82.61,19.18,30.79,82.85,None,9.94,289.84,2.96,0.49,0.82,None,30.13,1.97,16.5,9.3,93.82,4.53
Maharastra,Nashik,site_304,17-Jan-2018 - 18:00,27.87,None,101.13,19.93,41.64,None,None,8.09,298.44,2.17,0.62,1.2,None,33.45,1.04,22.97,11.92,77.84,1.79
Maharastra,Nashik,site_304,17-Jan-2018 - 19:00,25.81,None,90.75,23.35,50.06,None,None,12.09,291.88,2.11,0.48,1.81,None,38.73,1.44,28.88,15.31,57.92,0.81
Maharastra,Nashik,site_304,17-Jan-2018 - 20:00,24.15,None,91.11,31.5,57.83,None,None,16.69,93.65,1.48,1.11,2.7,None,46.85,2.09,39.62,21.72,43.44,1.96
Maharastra,Nashik,site_304,17-Jan-2018 - 21:00,24.21,None,79.52,44.57,57.39,None,None,24.82,271.8,2.86,1.68,3.82,None,50.06,2.62,53.73,29.34,33.66,1.05
Maharastra,Nashik,site_304,17-Jan-2018 - 22:00,22.8,None,88.7,40.45,65.23,None,None,36.65,211.77,1.38,2.1,6.13,None,58.88,10.52,60.29,39.82,10.66,1.68
Maharastra,Navi Mumbai,site_261,17-Jan-2018 - 00:00,None,None,149.12,None,62.2,None,26.33,None,301.42,0.14,1.87,None,None,None,None,None,80.8,None,68.44
Maharastra,Navi Mumbai,site_261,17-Jan-2018 - 01:00,None,None,113.99,None,64.22,None,25.61,None,33.34,0.23,1.86,None,None,None,None,None,76.9,None,64.54
Maharastra,Navi Mumbai,site_261,17-Jan-2018 - 02:00,None,None,30.05,None,15.63,None,6.28,None,17.25,0.17,0.46,None,None,None,None,None,36.7,None,15.26
Maharastra,Navi Mumbai,site_261,17-Jan-2018 - 03:00,None,None,108.11,None,62.32,None,24.45,None,56.33,0.24,1.87,None,None,None,None,None,71.29,None,58.93
Maharastra,Navi Mumbai,site_261,17-Jan-2018 - 04:00,None,None,98.58,None,61.78,None,24.56,None,31.11,0.28,1.88,None,None,None,None,None,70.23,None,57.87
Maharastra,Navi Mumbai,site_261,17-Jan-2018 - 05:00,None,None,103.52,None,68.36,None,23.36,None,139.98,0.16,1.88,None,None,None,None,None,68.7,None,56.34
Maharastra,Navi Mumbai,site_261,17-Jan-2018 - 06:00,None,None,113.72,None,72.7,None,22.28,None,151.42,0.06,1.85,None,None,None,None,None,71.08,None,58.72
Maharastra,Navi Mumbai,site_261,17-Jan-2018 - 07:00,None,None,172.42,None,72.34,None,22.26,None,189.17,0.06,1.86,None,None,None,None,None,74.21,None,61.85
Maharastra,Navi Mumbai,site_261,17-Jan-2018 - 08:00,None,None,241.12,None,66.7,12.05,24.11,None,154.62,0.09,1.83,None,None,None,None,None,75.84,None,63.48
Maharastra,Navi Mumbai,site_261,17-Jan-2018 - 09:00,None,None,154.25,None,51.78,18.51,27.02,None,53.72,0.28,1.88,None,None,None,None,None,72.09,None,59.73
Maharastra,Navi Mumbai,site_261,17-Jan-2018 - 10:00,None,None,82.24,None,42.76,202.94,29.7,None,98.63,0.5,1.87,None,None,None,None,None,64.12,None,51.76
Maharastra,Navi Mumbai,site_261,17-Jan-2018 - 11:00,None,None,65.69,None,34.82,265.86,31.77,None,131.46,0.48,1.89,None,None,None,None,None,59.21,None,46.85
Maharastra,Navi Mumbai,site_261,17-Jan-2018 - 12:00,None,None,49.2,None,30.55,291.87,33.58,None,107.32,0.38,1.88,None,None,None,None,None,58.21,None,45.85
Maharastra,Navi Mumbai,site_261,17-Jan-2018 - 13:00,None,None,60.78,None,29.26,273.16,34.59,None,57.28,0.37,1.94,None,None,None,None,None,57.53,None,45.17
Maharastra,Navi Mumbai,site_261,17-Jan-2018 - 14:00,None,None,37.87,None,28.05,206.45,34.89,None,35.59,0.33,1.94,None,None,None,None,None,57.02,None,44.66
Maharastra,Navi Mumbai,site_261,17-Jan-2018 - 15:00,None,None,40.46,None,29.78,14.68,34.85,None,106.31,0.29,1.95,None,None,None,None,None,56.26,None,43.9
Maharastra,Navi Mumbai,site_261,17-Jan-2018 - 16:00,None,None,9.48,None,7.99,None,8.67,None,5.86,0.47,0.49,None,None,None,None,None,28.08,None,10.95
Maharastra,Navi Mumbai,site_261,17-Jan-2018 - 17:00,None,None,44.14,None,38.67,None,32.86,None,191.98,0.19,1.96,None,None,None,None,None,56.38,None,44.02
Maharastra,Navi Mumbai,site_261,17-Jan-2018 - 18:00,None,None,60.13,None,42.63,None,31.22,None,52.17,0.39,1.95,None,None,None,None,None,56.25,None,43.89
Maharastra,Navi Mumbai,site_261,17-Jan-2018 - 19:00,None,None,109.43,None,46.23,None,29.99,None,55.64,0.33,1.99,None,None,None,None,None,58.53,None,46.17
Maharastra,Navi Mumbai,site_261,17-Jan-2018 - 20:00,None,None,140.94,None,49.46,None,29.11,None,77.45,0.27,1.97,None,None,None,None,None,61.87,None,49.51
Maharastra,Navi Mumbai,site_261,17-Jan-2018 - 21:00,None,None,186.51,None,52.95,None,28.02,None,76.75,0.11,1.96,None,None,None,None,None,66.64,None,54.28
Maharastra,Navi Mumbai,site_261,17-Jan-2018 - 22:00,None,None,181.11,None,52.32,None,27.81,None,97.06,0.2,1.96,None,None,None,None,None,68.89,None,56.53
Maharastra,Pune,site_292,17-Jan-2018 - 00:00,None,None,None,None,None,None,43.11,0.0,None,None,1.25,0.0,None,None,None,None,31.98,None,None
Maharastra,Pune,site_292,17-Jan-2018 - 01:00,None,None,None,None,None,None,None,0.0,None,None,0.92,0.0,None,None,None,None,29.09,None,None
Maharastra,Pune,site_292,17-Jan-2018 - 02:00,None,None,None,None,None,None,None,0.0,None,None,0.88,0.0,None,None,None,None,28.83,None,None
Maharastra,Pune,site_292,17-Jan-2018 - 03:00,None,None,None,None,None,None,None,0.0,None,None,0.86,0.0,None,None,None,None,28.79,None,None
Maharastra,Pune,site_292,17-Jan-2018 - 04:00,None,None,None,None,None,None,None,0.0,None,None,0.85,0.0,None,None,None,None,28.91,None,None
Maharastra,Pune,site_292,17-Jan-2018 - 05:00,None,None,None,None,None,None,None,0.0,None,None,0.88,0.0,None,None,None,None,28.93,None,None
Maharastra,Pune,site_292,17-Jan-2018 - 06:00,None,None,None,None,None,None,None,0.0,None,None,0.94,0.0,None,None,None,None,29.28,None,None
Maharastra,Pune,site_292,17-Jan-2018 - 07:00,None,None,None,None,None,None,None,0.0,None,None,1.08,0.0,None,None,None,None,29.72,None,None
Maharastra,Pune,site_292,17-Jan-2018 - 08:00,None,None,None,None,None,None,56.99,0.0,None,None,1.16,0.0,None,None,None,None,30.17,None,None
Maharastra,Pune,site_292,17-Jan-2018 - 09:00,None,None,None,None,None,None,None,0.0,None,None,1.24,0.0,None,None,None,None,29.63,None,None
Maharastra,Pune,site_292,17-Jan-2018 - 10:00,None,None,None,None,None,None,None,0.0,12.02,None,1.29,0.0,None,None,None,None,29.95,None,None
Maharastra,Pune,site_292,17-Jan-2018 - 11:00,None,None,None,None,None,None,None,0.0,None,None,1.14,0.0,None,None,None,None,28.94,None,None
Maharastra,Pune,site_292,17-Jan-2018 - 12:00,None,None,None,None,None,None,None,0.0,None,None,1.04,0.0,None,None,None,None,29.05,None,None
Maharastra,Pune,site_292,17-Jan-2018 - 13:00,None,None,None,None,None,None,None,0.0,None,None,0.95,0.0,None,None,None,None,28.25,None,None
Maharastra,Pune,site_292,17-Jan-2018 - 14:00,None,None,None,None,None,None,None,0.0,175.86,None,0.97,0.0,None,None,None,None,28.84,None,None
Maharastra,Pune,site_292,17-Jan-2018 - 15:00,None,None,None,None,None,None,None,0.0,None,None,0.98,0.0,None,None,None,None,28.96,None,None
Maharastra,Pune,site_292,17-Jan-2018 - 16:00,None,None,None,None,None,None,None,0.0,None,None,0.97,0.0,None,None,None,None,29.5,None,None
Maharastra,Pune,site_292,17-Jan-2018 - 17:00,None,None,None,None,None,None,None,0.0,None,None,0.99,0.0,None,None,None,None,30.18,None,None
Maharastra,Pune,site_292,17-Jan-2018 - 18:00,None,None,None,None,None,None,None,0.0,None,None,1.06,0.0,None,None,None,None,30.08,None,None
Maharastra,Pune,site_292,17-Jan-2018 - 19:00,None,None,None,None,None,None,None,0.0,None,None,1.15,0.0,None,None,None,None,30.59,None,None
Maharastra,Pune,site_292,17-Jan-2018 - 20:00,None,None,None,None,None,None,None,0.0,None,None,1.34,0.0,None,None,None,None,33.07,None,None
Maharastra,Pune,site_292,17-Jan-2018 - 21:00,None,None,None,None,None,None,None,0.0,None,None,1.91,0.0,None,None,None,None,44.03,None,None
Maharastra,Pune,site_292,17-Jan-2018 - 22:00,None,None,None,None,None,None,None,0.0,None,None,2.08,0.0,None,None,None,None,48.44,None,None
Maharastra,Solapur,site_302,17-Jan-2018 - 00:00,None,960.25,122.62,None,None,None,None,None,256.28,None,0.0,None,None,None,None,None,40.98,None,None
Maharastra,Solapur,site_302,17-Jan-2018 - 01:00,None,959.9,84.26,None,None,None,None,None,296.5,None,0.0,None,None,None,None,None,32.16,None,None
Maharastra,Solapur,site_302,17-Jan-2018 - 02:00,None,959.33,91.75,None,None,None,None,None,276.4,None,0.0,None,None,None,None,None,30.28,None,None
Maharastra,Solapur,site_302,17-Jan-2018 - 03:00,None,958.8,98.86,None,None,None,None,None,331.25,None,0.0,None,None,None,None,None,41.87,None,None
Maharastra,Solapur,site_302,17-Jan-2018 - 04:00,None,958.59,60.86,None,None,None,None,None,272.1,None,0.0,None,None,None,None,None,21.23,None,None
Maharastra,Solapur,site_302,17-Jan-2018 - 05:00,None,959.62,108.28,None,None,None,None,None,186.41,None,0.0,None,None,None,None,None,40.16,None,None
Maharastra,Solapur,site_302,17-Jan-2018 - 06:00,None,None,125.21,None,27.32,5.25,10.62,None,131.06,0.27,0.0,None,None,None,None,None,64.07,None,None
Maharastra,Solapur,site_302,17-Jan-2018 - 07:00,None,None,217.48,None,None,21.3,None,None,None,None,0.0,None,None,None,None,None,147.45,None,None
Maharastra,Solapur,site_302,17-Jan-2018 - 08:00,None,962.9,306.93,None,0.35,0.2,None,None,273.0,12.0,0.0,None,None,None,None,None,135.65,None,None
Maharastra,Solapur,site_302,17-Jan-2018 - 09:00,None,None,241.23,None,None,0.2,19.65,None,None,6.5,0.0,None,None,None,None,None,126.73,None,None
Maharastra,Solapur,site_302,17-Jan-2018 - 10:00,None,963.39,205.92,None,None,None,None,None,184.93,None,0.0,None,None,None,None,None,89.91,None,None
Maharastra,Solapur,site_302,17-Jan-2018 - 11:00,None,962.8,126.61,None,None,None,None,None,164.51,None,0.0,None,None,None,None,None,89.8,None,None
Maharastra,Solapur,site_302,17-Jan-2018 - 12:00,None,961.65,97.46,None,None,None,None,None,195.12,None,0.0,None,None,None,None,None,53.53,None,None
Maharastra,Solapur,site_302,17-Jan-2018 - 13:00,None,960.38,96.63,None,None,None,None,None,191.47,None,0.0,None,None,None,None,None,51.91,None,None
Maharastra,Solapur,site_302,17-Jan-2018 - 14:00,None,959.16,73.79,None,None,None,None,None,171.42,None,0.0,None,None,None,None,None,53.93,None,None
Maharastra,Solapur,site_302,17-Jan-2018 - 15:00,None,958.61,87.82,None,None,None,None,None,170.8,None,0.0,None,None,None,None,None,57.74,None,None
Maharastra,Solapur,site_302,17-Jan-2018 - 16:00,None,958.54,106.11,None,None,None,None,None,224.2,None,0.0,None,None,None,None,None,83.06,None,None
Maharastra,Solapur,site_302,17-Jan-2018 - 17:00,None,959.0,116.48,None,None,None,None,None,233.93,None,0.0,None,None,None,None,None,116.64,None,None
Maharastra,Solapur,site_302,17-Jan-2018 - 18:00,None,959.55,153.34,None,None,None,None,None,166.02,None,0.0,None,None,None,None,None,187.95,None,None
Maharastra,Solapur,site_302,17-Jan-2018 - 19:00,None,960.06,282.7,None,None,None,None,None,255.84,None,0.0,None,None,None,None,None,313.68,None,None
Maharastra,Solapur,site_302,17-Jan-2018 - 20:00,None,960.7,379.25,None,None,None,None,None,316.07,None,0.0,None,None,None,None,None,254.24,None,None
Maharastra,Solapur,site_302,17-Jan-2018 - 21:00,None,961.19,318.41,None,None,None,None,None,264.75,None,0.0,None,None,None,None,None,207.46,None,None
Maharastra,Solapur,site_302,17-Jan-2018 - 22:00,None,961.38,196.06,None,None,None,None,None,251.45,None,0.0,None,None,None,None,None,154.61,None,None
Maharastra,Thane,site_305,17-Jan-2018 - 00:00,None,None,381.9,117.11,69.18,None,23.08,3.14,152.61,1.06,2.47,33.47,None,264.58,223.78,216.92,213.64,6.3,12.56
Maharastra,Thane,site_305,17-Jan-2018 - 01:00,None,None,392.39,118.31,75.76,None,22.43,3.03,195.62,0.77,2.37,31.59,None,278.09,241.89,218.42,222.85,6.88,17.32
Maharastra,Thane,site_305,17-Jan-2018 - 02:00,None,None,346.98,111.51,71.0,None,22.39,2.83,127.45,1.02,2.23,25.42,None,132.48,84.66,93.41,88.52,6.02,19.4
Maharastra,Thane,site_305,17-Jan-2018 - 03:00,None,None,239.58,59.41,71.09,None,21.7,0.5,200.82,0.84,1.57,13.35,None,146.11,116.33,64.89,113.46,5.91,40.15
Maharastra,Thane,site_305,17-Jan-2018 - 04:00,None,None,192.79,60.39,79.52,None,20.23,1.5,181.41,0.74,0.27,13.27,None,204.22,187.75,136.04,161.1,6.27,18.31
Maharastra,Thane,site_305,17-Jan-2018 - 05:00,None,None,196.33,59.53,75.88,None,20.6,1.5,147.05,0.87,0.0,14.63,None,152.76,121.04,88.15,107.71,7.42,17.04
Maharastra,Thane,site_305,17-Jan-2018 - 06:00,None,None,167.37,51.06,79.11,None,19.83,0.91,171.43,1.11,0.0,10.89,None,210.48,182.68,153.76,161.54,5.39,25.58
Maharastra,Thane,site_305,17-Jan-2018 - 07:00,None,None,147.31,47.77,78.51,None,19.98,0.72,169.6,0.69,0.04,11.21,None,197.61,158.94,142.81,144.78,6.76,31.53
Maharastra,Thane,site_305,17-Jan-2018 - 08:00,None,None,155.75,51.32,67.97,65.06,22.8,0.99,157.23,0.89,0.65,17.97,None,188.16,134.72,142.2,133.19,6.6,59.52
Maharastra,Thane,site_305,17-Jan-2018 - 09:00,None,None,182.9,62.72,54.96,169.47,25.78,1.08,264.24,1.12,0.36,15.35,None,165.25,71.45,154.73,110.32,7.98,99.38
Maharastra,Thane,site_305,17-Jan-2018 - 10:00,None,None,195.95,61.76,44.46,269.75,28.21,0.88,209.48,0.94,0.38,10.99,None,141.22,45.65,144.38,92.92,13.23,29.73
Maharastra,Thane,site_305,17-Jan-2018 - 11:00,None,None,194.57,54.16,36.64,332.82,30.44,1.37,222.89,1.2,0.83,7.62,None,116.21,24.51,109.31,67.75,25.16,31.7
Maharastra,Thane,site_305,17-Jan-2018 - 12:00,None,None,170.84,47.89,28.84,365.83,32.24,0.82,297.32,1.64,2.39,4.95,None,76.65,16.97,52.55,36.35,37.02,132.0
Maharastra,Thane,site_305,17-Jan-2018 - 13:00,None,None,122.8,41.74,27.24,253.06,33.1,0.15,273.88,1.44,2.22,2.22,None,61.61,11.01,37.6,21.22,54.75,76.11
Maharastra,Thane,site_305,17-Jan-2018 - 14:00,None,None,92.12,32.68,25.36,199.95,33.52,0.07,124.44,0.97,1.68,1.86,None,69.17,14.94,42.27,29.4,52.0,108.3
Maharastra,Thane,site_305,17-Jan-2018 - 15:00,None,None,96.54,39.6,26.83,155.58,33.45,0.19,241.09,1.07,0.08,1.08,None,67.8,13.49,37.01,23.51,56.88,None
Maharastra,Thane,site_305,17-Jan-2018 - 16:00,None,None,93.07,32.2,28.75,98.77,33.15,0.21,273.38,2.08,0.1,1.32,None,62.34,10.56,36.56,20.27,56.22,55.51
Maharastra,Thane,site_305,17-Jan-2018 - 17:00,None,None,90.46,30.1,38.65,26.9,31.03,0.07,259.49,2.74,0.02,4.17,None,78.18,10.35,38.51,21.2,79.27,34.41
Maharastra,Thane,site_305,17-Jan-2018 - 18:00,None,None,99.71,32.49,45.12,None,29.14,0.14,270.33,2.29,0.0,3.32,None,84.55,11.45,61.81,34.3,56.56,31.5
Maharastra,Thane,site_305,17-Jan-2018 - 19:00,None,None,121.72,36.92,48.25,None,27.87,0.35,273.3,2.13,0.11,5.42,None,90.22,12.31,80.42,44.24,30.12,20.79
Maharastra,Thane,site_305,17-Jan-2018 - 20:00,None,None,137.15,41.82,50.89,None,27.25,0.5,275.32,1.83,0.0,8.13,None,87.84,13.05,78.47,44.56,25.26,21.82
Maharastra,Thane,site_305,17-Jan-2018 - 21:00,None,None,145.5,42.34,52.75,None,26.72,0.29,250.99,1.49,0.0,6.27,None,85.78,14.74,73.4,43.84,20.28,44.03
Maharastra,Thane,site_305,17-Jan-2018 - 22:00,None,None,158.76,49.34,63.22,None,24.47,0.94,210.05,0.58,0.0,9.08,None,177.13,97.47,156.61,123.41,8.75,19.61
